URL,Title,Sale Price,Price,SKU,Category,Brand,Image URL,Description Short,Description Long
https://service-workshopmanual.com/product/00-02-zx6r-rr-service-manual-mt015885/,00 02 Zx6R Rr Service Manual (MT015885),$19.19,$22.79,MT015885,"Categories: Machine & Vehicle Manuals, Technical Service Repair manuals",Brand: KAWASAKI,https://service-workshopmanual.com/wp-content/uploads/2021/09/00-02-Zx6R-Rr-Service-Manual-MT015885.webp,,"00 02 Zx6R Rr Service Manual (MT015885)

This manual presented for you in electronic format you can just print out the page you need then dispose of it when you have completed your task. This manual has detailed illustrations as well as step by step written instructions with the necessary diagrams or pictures. These manuals are your number one source for repair and service information, specifically written for the do-it-yourself as well as the experienced mechanics worldwide used to use this factory manual to fix your vehicle. Using this repair manual is an inexpensive way to keep your car working properly. it is this level of detail, along with illustrations, that guide the reader through each service, repairs, maintenance procedure. 
Want to repair your own kawasaki and save money? You need this factory manual! It is loaded with easy-to-follow instructions, tons of photos, and detailed elaborations. It will equip you with skills and confidence. You can fix your kawasaki just like your local dealer mechanics who are using the same manual. Don’t hesitate, buy with confidence, a trustworthy and reputable seller. You get more than you are paying for.
 This is the same manual your local service dealer, and Kawasaki engineers would use, Fully illustrated with the original engineering diagrams. This is the Digital Ebook version, a great replacement for the old print manual. It contains all the removal and assembly instructions needed for any repair your car may require. Also included are wiring diagrams – Maintenance -Preparation – Specification – Diagnostic – Engine – Chassis – Body – Electrical – 
 Manuals are Adobe Acrobat PDF Files, Fully indexed and so easy to find anything. You will never loose it. You can copy it to as many computers as you like. All the files are printable, So you can print off the relevant section when required get it all dirty and come back again and print any more you need, its a perfect buy. 
 This is the best manual with everything you will ever need for your kawasaki and you will love it! 
 THIS MANUAL COVERS – 
 *General information 
 *Periodic maintenance 
 *Fuel system 
 *Cooling system 
 *Engine top end 
 *Clutch 
 *Engine lubrication system 
 *Engine removal/installation 
 *Crankshaft/transmission 
 *Wheels/tires 
 *Final drive 
 *Brakes 
 *Suspension 
 *Steering 
 *Frame 
 *Electrical system…and much more 
 Save money by doing your own repairs! This manual contains easy to follow, STEP-BY-STEP instructions, making it easy for any skill level. 
You need the adobe Acrobat reader to view the document as the manual is pdf format. if your computer don’t have this application you can download and install it free from adobe acrobat website. 
With PDF file you can print unlimited copies. You can see on mobile phone, Ipad, Note, Computer
You will be received download link after payment"
https://service-workshopmanual.com/product/delmar-modern-control-technology-components-systems-2nd-ed-pdf-download/,(Delmar) Modern Control Technology-Components & Systems (2nd Ed ) PDF Download,$20.40,$24.00,GB0064,"Categories: Machine & Vehicle Manuals, Others manual",Brand: OTHERS,https://service-workshopmanual.com/wp-content/uploads/2018/02/Delmar-Modern-Control-Technology-Components-Systems-2nd-Ed..jpg,"This shop manual provides comprehensive coverage of components and systems for the (Delmar) Modern Control Technology. It includes detailed illustrations, step-by-step written instructions, and diagrams for easy reference. This manual is compatible with all Windows and Mac operating systems and can be printed for unlimited copies. You will receive a download link after payment.","MACHINE  MODEL

(Delmar) Modern Control Technology-Components & Systems (2nd Ed ) PDF Download

This shop manual may contain attachments and optional equipment that are not available in your area. Please consult your local distributor for those  items  you may require. Materials and specifications are subject to change without notice.
WARNING: Unsafe Use of this machine may cause serious injury or Death.Operators and maintenance personnel must read this manual before operating or maintaining this machine.
This manual should be kept near the machine for reference and periodically reviewed by all personnel who will come into contact with it .
This manual presented for you in electronic format you can just print out the page you need then dispose of it when you have completed your task. this manual has detailed illustrations as well as step by step written instructions with the necessary diagrams or pictures. these manuals are your number one source for repair and service information & specifically written for the do-it-yourself as well as the experienced mechanics worldwide used to use this factory manual to fix your vehicle. using this repair manual is an inexpensive way to keep your car working properly. it is this level of detail, along with illustrations, that guide the reader through each service, repair & maintenance procedure. 
This manual is compatible with the following computer operating systems:
# ALL WINDOWS VERSION 
# ALL MAC VERSION

You need the adobe Acrobat reader to view the document as the manual is pdf format. if your computer don’t have this application you can download and install it free from adobe acrobat website. 
With PDF file you can print unlimited copies. You can see on mobile phone, Ipad, Note, Computer


 Manufacturer Part Number: See on poster

 Covered Serial Numbers in Description.
You will be received download link after payment"
https://service-workshopmanual.com/product/00-honda-atv-trx350tm-fourtrax-350-2000-owners-manual-ps008937/,00 Honda Atv Trx350Tm Fourtrax 350 2000 Owners Manual (PS008937),$21.59,$25.19,PS008937,"Categories: Machine & Vehicle Manuals, Operation & Owners manuals",Brand: HONDA,https://service-workshopmanual.com/wp-content/uploads/2021/11/00-Honda-Atv-Trx350Tm-Fourtrax-350-2000-Owners-Manual-PS008937.webp,,"00 Honda Atv Trx350Tm Fourtrax 350 2000 Owners Manual (PS008937)

This manual presented for you in electronic format you can just print out the page you need then dispose of it when you have completed your task. This manual has detailed illustrations as well as step by step written instructions with the necessary diagrams or pictures. These manuals are your number one source for repair and service information, specifically written for the do-it-yourself as well as the experienced mechanics worldwide used to use this factory manual to fix your vehicle. Using this repair manual is an inexpensive way to keep your car working properly. it is this level of detail, along with illustrations, that guide the reader through each service, repairs, maintenance procedure. 
You are buying the electronic (PDF) owner’s manual for 2000 Honda ATV TRX350TM Fourtrax 350. One of the best ways to enhance the enjoyment of your new vehicle is to read this manual. In it, you will learn how to operate its driving controls and convenience items. Afterwards, keep this owner’s manual in your vehicle so you can refer to it at any time. This manual is the electronic version of the physical manual that you can buy from your dealers (THIS IS NOT a hardcopy manual).This manual can be read and printed on any computer running Windows, Mac or Linux."
https://service-workshopmanual.com/product/ewiley-mobile-fading-channels-modelling-analysis-simulation-pdf-download/,"(eWiley) Mobile Fading Channels-Modelling, Analysis & Simulation PDF Download",$20.40,$24.00,GB0065,"Categories: Machine & Vehicle Manuals, Others manual",Brand: OTHERS,https://service-workshopmanual.com/wp-content/uploads/2018/02/default.png,"This (eWiley) Mobile Fading Channels-Modelling, Analysis & Simulation PDF Download shop manual contains all the information you need to repair, maintain, and troubleshoot your vehicle. It includes detailed illustrations, step-by-step instructions, and is compatible with all Windows and Mac operating systems. You can print unlimited copies and view it on any device. This manual also includes the manufacturer part number and covered serial numbers in the description. After payment, you will receive a download link.","MACHINE  MODEL

(eWiley) Mobile Fading Channels-Modelling, Analysis & Simulation PDF Download

This shop manual may contain attachments and optional equipment that are not available in your area. Please consult your local distributor for those  items  you may require. Materials and specifications are subject to change without notice.
WARNING: Unsafe Use of this machine may cause serious injury or Death.Operators and maintenance personnel must read this manual before operating or maintaining this machine.
This manual should be kept near the machine for reference and periodically reviewed by all personnel who will come into contact with it .
This manual presented for you in electronic format you can just print out the page you need then dispose of it when you have completed your task. this manual has detailed illustrations as well as step by step written instructions with the necessary diagrams or pictures. these manuals are your number one source for repair and service information & specifically written for the do-it-yourself as well as the experienced mechanics worldwide used to use this factory manual to fix your vehicle. using this repair manual is an inexpensive way to keep your car working properly. it is this level of detail, along with illustrations, that guide the reader through each service, repair & maintenance procedure. 
This manual is compatible with the following computer operating systems:
# ALL WINDOWS VERSION 
# ALL MAC VERSION

You need the adobe Acrobat reader to view the document as the manual is pdf format. if your computer don’t have this application you can download and install it free from adobe acrobat website. 
With PDF file you can print unlimited copies. You can see on mobile phone, Ipad, Note, Computer


 Manufacturer Part Number: See on poster

 Covered Serial Numbers in Description.
You will be received download link after payment"
https://service-workshopmanual.com/product/kluwer-reuse-methodology-manual-for-system-on-a-chip-designs-3rd-ed-pdf-download/,(Kluwer) Reuse Methodology Manual for System-on-a-Chip Designs (3rd Ed ) PDF Download,$20.40,$24.00,GB0066,"Categories: Machine & Vehicle Manuals, Others manual",Brand: OTHERS,https://service-workshopmanual.com/wp-content/uploads/2018/02/Kluwer-Reuse-Methodology-Manual-for-System-on-a-Chip-Designs-3rd-Ed..jpg,"This (Kluwer) Reuse Methodology Manual for System-on-a-Chip Designs (3rd Ed ) PDF Download provides detailed illustrations and step-by-step instructions to help you repair, maintain and service your machine. It includes all the necessary diagrams and pictures to guide you through the process. This manual is compatible with all Windows and Mac versions and comes with unlimited printouts. It also comes with a download link after payment.","MACHINE  MODEL

(Kluwer) Reuse Methodology Manual for System-on-a-Chip Designs (3rd Ed ) PDF Download

This shop manual may contain attachments and optional equipment that are not available in your area. Please consult your local distributor for those  items  you may require. Materials and specifications are subject to change without notice.
WARNING: Unsafe Use of this machine may cause serious injury or Death.Operators and maintenance personnel must read this manual before operating or maintaining this machine.
This manual should be kept near the machine for reference and periodically reviewed by all personnel who will come into contact with it .
This manual presented for you in electronic format you can just print out the page you need then dispose of it when you have completed your task. this manual has detailed illustrations as well as step by step written instructions with the necessary diagrams or pictures. these manuals are your number one source for repair and service information & specifically written for the do-it-yourself as well as the experienced mechanics worldwide used to use this factory manual to fix your vehicle. using this repair manual is an inexpensive way to keep your car working properly. it is this level of detail, along with illustrations, that guide the reader through each service, repair & maintenance procedure. 
This manual is compatible with the following computer operating systems:
# ALL WINDOWS VERSION 
# ALL MAC VERSION

You need the adobe Acrobat reader to view the document as the manual is pdf format. if your computer don’t have this application you can download and install it free from adobe acrobat website. 
With PDF file you can print unlimited copies. You can see on mobile phone, Ipad, Note, Computer


 Manufacturer Part Number: See on poster

 Covered Serial Numbers in Description.
You will be received download link after payment"
https://service-workshopmanual.com/product/artech-radio-frequency-integrated-circuit-design-pdf-download/,(Artech ) Radio Frequency Integrated Circuit Design PDF Download,$20.40,$24.00,GB0061,"Categories: Machine & Vehicle Manuals, Others manual",Brand: OTHERS,https://service-workshopmanual.com/wp-content/uploads/2018/02/Artech.-Radio-Frequency-Integrated-Circuit-Design.jpg,"This (Artech ) Radio Frequency Integrated Circuit Design PDF Download shop manual contains detailed illustrations and step-by-step instructions for repair and maintenance. It is compatible with all Windows and Mac operating systems and can be printed for unlimited copies. After payment, you will receive a download link. Manufacturer Part Number and Covered Serial Numbers are listed in the description.","MACHINE  MODEL

(Artech ) Radio Frequency Integrated Circuit Design PDF Download

This shop manual may contain attachments and optional equipment that are not available in your area. Please consult your local distributor for those  items  you may require. Materials and specifications are subject to change without notice.
WARNING: Unsafe Use of this machine may cause serious injury or Death.Operators and maintenance personnel must read this manual before operating or maintaining this machine.
This manual should be kept near the machine for reference and periodically reviewed by all personnel who will come into contact with it .
This manual presented for you in electronic format you can just print out the page you need then dispose of it when you have completed your task. this manual has detailed illustrations as well as step by step written instructions with the necessary diagrams or pictures. these manuals are your number one source for repair and service information & specifically written for the do-it-yourself as well as the experienced mechanics worldwide used to use this factory manual to fix your vehicle. using this repair manual is an inexpensive way to keep your car working properly. it is this level of detail, along with illustrations, that guide the reader through each service, repair & maintenance procedure. 
This manual is compatible with the following computer operating systems:
# ALL WINDOWS VERSION 
# ALL MAC VERSION

You need the adobe Acrobat reader to view the document as the manual is pdf format. if your computer don’t have this application you can download and install it free from adobe acrobat website. 
With PDF file you can print unlimited copies. You can see on mobile phone, Ipad, Note, Computer


 Manufacturer Part Number: See on poster

 Covered Serial Numbers in Description.
You will be received download link after payment"
https://service-workshopmanual.com/product/mcgraw-schaums-outlines-of-signals-systems-pdf-download/,(McGraw) Schaum’s Outlines of Signals & Systems PDF Download,$20.40,$24.00,GB0068,"Categories: Machine & Vehicle Manuals, Others manual",Brand: OTHERS,https://service-workshopmanual.com/wp-content/uploads/2018/02/McGraw-Schaums-Outlines-of-Signals-Systems-800x1079.jpg,"This (McGraw) Schaum’s Outlines of Signals & Systems PDF Download shop manual contains attachments and optional equipment that are not available in all areas. It includes detailed illustrations, step by step instructions, and diagrams to help you with any repair and maintenance procedure. This manual is compatible with all Windows and Mac versions and can be printed for unlimited copies. It also comes with a download link after payment. Manufacturer Part Number and Covered Serial Numbers are included in the description.","MACHINE  MODEL

(McGraw) Schaum’s Outlines of Signals & Systems PDF Download

This shop manual may contain attachments and optional equipment that are not available in your area. Please consult your local distributor for those  items  you may require. Materials and specifications are subject to change without notice.
WARNING: Unsafe Use of this machine may cause serious injury or Death.Operators and maintenance personnel must read this manual before operating or maintaining this machine.
This manual should be kept near the machine for reference and periodically reviewed by all personnel who will come into contact with it .
This manual presented for you in electronic format you can just print out the page you need then dispose of it when you have completed your task. this manual has detailed illustrations as well as step by step written instructions with the necessary diagrams or pictures. these manuals are your number one source for repair and service information & specifically written for the do-it-yourself as well as the experienced mechanics worldwide used to use this factory manual to fix your vehicle. using this repair manual is an inexpensive way to keep your car working properly. it is this level of detail, along with illustrations, that guide the reader through each service, repair & maintenance procedure. 
This manual is compatible with the following computer operating systems:
# ALL WINDOWS VERSION 
# ALL MAC VERSION

You need the adobe Acrobat reader to view the document as the manual is pdf format. if your computer don’t have this application you can download and install it free from adobe acrobat website. 
With PDF file you can print unlimited copies. You can see on mobile phone, Ipad, Note, Computer


 Manufacturer Part Number: See on poster

 Covered Serial Numbers in Description.
You will be received download link after payment"
https://service-workshopmanual.com/product/mcgraw-schaums-outlines-of-digital-signal-processing-pdf-download/,(McGraw) Schaum’s Outlines of Digital Signal Processing PDF Download,$20.40,$24.00,GB0067,"Categories: Machine & Vehicle Manuals, Others manual",Brand: OTHERS,https://service-workshopmanual.com/wp-content/uploads/2018/02/McGraw-Schaums-Outlines-of-Digital-Signal-Processing-800x1110.jpg,This (McGraw) Schaum’s Outlines of Digital Signal Processing PDF Download shop manual contains detailed illustrations and step-by-step instructions for repair and maintenance. It is compatible with all Windows and Mac operating systems and can be printed for unlimited copies. You will receive a download link after payment. Manufacturer part number and covered serial numbers are listed in the description.,"MACHINE  MODEL

(McGraw) Schaum’s Outlines of Digital Signal Processing PDF Download

This shop manual may contain attachments and optional equipment that are not available in your area. Please consult your local distributor for those  items  you may require. Materials and specifications are subject to change without notice.
WARNING: Unsafe Use of this machine may cause serious injury or Death.Operators and maintenance personnel must read this manual before operating or maintaining this machine.
This manual should be kept near the machine for reference and periodically reviewed by all personnel who will come into contact with it .
This manual presented for you in electronic format you can just print out the page you need then dispose of it when you have completed your task. this manual has detailed illustrations as well as step by step written instructions with the necessary diagrams or pictures. these manuals are your number one source for repair and service information & specifically written for the do-it-yourself as well as the experienced mechanics worldwide used to use this factory manual to fix your vehicle. using this repair manual is an inexpensive way to keep your car working properly. it is this level of detail, along with illustrations, that guide the reader through each service, repair & maintenance procedure. 
This manual is compatible with the following computer operating systems:
# ALL WINDOWS VERSION 
# ALL MAC VERSION

You need the adobe Acrobat reader to view the document as the manual is pdf format. if your computer don’t have this application you can download and install it free from adobe acrobat website. 
With PDF file you can print unlimited copies. You can see on mobile phone, Ipad, Note, Computer


 Manufacturer Part Number: See on poster

 Covered Serial Numbers in Description.
You will be received download link after payment"
https://service-workshopmanual.com/product/00-honda-atv-trx400ex-fourtrax400ex-2000-owners-manual-ps012063/,00 Honda Atv Trx400Ex Fourtrax400Ex 2000 Owners Manual (PS012063),$21.59,$25.19,PS012063,"Categories: Machine & Vehicle Manuals, Operation & Owners manuals",Brand: HONDA,https://service-workshopmanual.com/wp-content/uploads/2021/11/00-Honda-Atv-Trx400Ex-Fourtrax400Ex-2000-Owners-Manual-PS012063.webp,,"00 Honda Atv Trx400Ex Fourtrax400Ex 2000 Owners Manual (PS012063)

This manual presented for you in electronic format you can just print out the page you need then dispose of it when you have completed your task. This manual has detailed illustrations as well as step by step written instructions with the necessary diagrams or pictures. These manuals are your number one source for repair and service information, specifically written for the do-it-yourself as well as the experienced mechanics worldwide used to use this factory manual to fix your vehicle. Using this repair manual is an inexpensive way to keep your car working properly. it is this level of detail, along with illustrations, that guide the reader through each service, repairs, maintenance procedure. 
You are buying the electronic (PDF) owner’s manual for 2000 Honda ATV TRX400EX Fourtrax400EX. One of the best ways to enhance the enjoyment of your new vehicle is to read this manual. In it, you will learn how to operate its driving controls and convenience items. Afterwards, keep this owner’s manual in your vehicle so you can refer to it at any time. This manual is the electronic version of the physical manual that you can buy from your dealers (THIS IS NOT a hardcopy manual).This manual can be read and printed on any computer running Windows, Mac or Linux."
https://service-workshopmanual.com/product/00-ievads-pdf-download/,00 ievads PDF download,$17.99,$21.59,GB6944,"Categories: Machine & Vehicle Manuals, Others manual",Brand: OTHERS,https://service-workshopmanual.com/wp-content/uploads/2020/03/Gb-book.jpg,"This 00 ievads PDF download manual is a comprehensive guide for operators and maintenance personnel, providing all the information needed to safely and effectively use and maintain the machine. It includes detailed illustrations, step-by-step instructions and diagrams. Compatible with all Windows and Mac operating systems, and can be printed for unlimited copies. Download link will be provided after payment.","00 ievads PDF download

This manual may contain attachments and optional equipment that are not available in your area. Please consult your local distributor for those items you may require. Materials and specifications are subject to change without notice.
WARNING: Unsafe Use of this machine may cause serious injury or Death.Operators and maintenance personnel must read this manual before operating or maintaining this machine. This manual should be kept near the machine for reference and periodically reviewed by all personnel who will come into contact with it .
This manual presented for you in electronic format you can just print out the page you need then dispose of it when you have completed your task. this manual has detailed illustrations as well as step by step written instructions with the necessary diagrams or pictures. these manuals are your number one source for repair and service information & specifically written for the do-it-yourself as well as the experienced mechanics worldwide used to use this factory manual to fix your vehicle. using this repair manual is an inexpensive way to keep your car working properly. it is this level of detail, along with illustrations, that guide the reader through each service, repair & maintenance procedure. 
This manual is compatible with the following computer operating systems:

# ALL WINDOWS VERSION 
# ALL MAC VERSION

You need the adobe Acrobat reader to view the document as the manual is pdf format. if your computer dont have this application you can download and install it free from adobe acrobat website. 
With PDF file you can print  Manufacturer Part Number: See on poster
 Covered Serial Numbers in Description.
You will be received download link after payment"
https://service-workshopmanual.com/product/delmar-fiber-optics-technicians-manual-2nd-ed-pdf-download/,(Delmar) Fiber Optics Technician’s Manual (2nd Ed ) PDF Download,$20.40,$24.00,GB0063,"Categories: Machine & Vehicle Manuals, Others manual",Brand: OTHERS,https://service-workshopmanual.com/wp-content/uploads/2018/02/Delmar-Fiber-Optics-Technicians-Manual-2nd-Ed..jpg,"This (Delmar) Fiber Optics Technician’s Manual (2nd Ed ) PDF Download is an essential tool for operators and maintenance personnel. It contains detailed illustrations, step-by-step instructions, and diagrams to help you understand the machine and its components. It is compatible with all Windows and Mac versions and can be printed an unlimited number of times. You will receive a download link after payment.","MACHINE  MODEL

(Delmar) Fiber Optics Technician’s Manual (2nd Ed ) PDF Download

This shop manual may contain attachments and optional equipment that are not available in your area. Please consult your local distributor for those  items  you may require. Materials and specifications are subject to change without notice.
WARNING: Unsafe Use of this machine may cause serious injury or Death.Operators and maintenance personnel must read this manual before operating or maintaining this machine.
This manual should be kept near the machine for reference and periodically reviewed by all personnel who will come into contact with it .
This manual presented for you in electronic format you can just print out the page you need then dispose of it when you have completed your task. this manual has detailed illustrations as well as step by step written instructions with the necessary diagrams or pictures. these manuals are your number one source for repair and service information & specifically written for the do-it-yourself as well as the experienced mechanics worldwide used to use this factory manual to fix your vehicle. using this repair manual is an inexpensive way to keep your car working properly. it is this level of detail, along with illustrations, that guide the reader through each service, repair & maintenance procedure. 
This manual is compatible with the following computer operating systems:
# ALL WINDOWS VERSION 
# ALL MAC VERSION

You need the adobe Acrobat reader to view the document as the manual is pdf format. if your computer don’t have this application you can download and install it free from adobe acrobat website. 
With PDF file you can print unlimited copies. You can see on mobile phone, Ipad, Note, Computer


 Manufacturer Part Number: See on poster

 Covered Serial Numbers in Description.
You will be received download link after payment"
https://service-workshopmanual.com/product/delmar-digital-signal-processing-filtering-approach-pdf-download/,(Delmar) Digital Signal Processing-Filtering Approach PDF Download,$20.40,$24.00,GB0062,"Categories: Machine & Vehicle Manuals, Others manual",Brand: OTHERS,https://service-workshopmanual.com/wp-content/uploads/2018/02/Delmar-Digital-Signal-Processing-Filtering-Approach.jpg,"This shop manual provides detailed instructions and illustrations on the operation and maintenance of the (Delmar) Digital Signal Processing-Filtering Approach. It includes all the necessary diagrams and pictures to help you get the job done. It is compatible with all Windows and Mac operating systems, and can be printed unlimited times. The download link will be sent to you after payment. Manufacturer Part Number is included in the description.","MACHINE  MODEL

(Delmar) Digital Signal Processing-Filtering Approach PDF Download

This shop manual may contain attachments and optional equipment that are not available in your area. Please consult your local distributor for those  items  you may require. Materials and specifications are subject to change without notice.
WARNING: Unsafe Use of this machine may cause serious injury or Death.Operators and maintenance personnel must read this manual before operating or maintaining this machine.
This manual should be kept near the machine for reference and periodically reviewed by all personnel who will come into contact with it .
This manual presented for you in electronic format you can just print out the page you need then dispose of it when you have completed your task. this manual has detailed illustrations as well as step by step written instructions with the necessary diagrams or pictures. these manuals are your number one source for repair and service information & specifically written for the do-it-yourself as well as the experienced mechanics worldwide used to use this factory manual to fix your vehicle. using this repair manual is an inexpensive way to keep your car working properly. it is this level of detail, along with illustrations, that guide the reader through each service, repair & maintenance procedure. 
This manual is compatible with the following computer operating systems:
# ALL WINDOWS VERSION 
# ALL MAC VERSION

You need the adobe Acrobat reader to view the document as the manual is pdf format. if your computer don’t have this application you can download and install it free from adobe acrobat website. 
With PDF file you can print unlimited copies. You can see on mobile phone, Ipad, Note, Computer


 Manufacturer Part Number: See on poster

 Covered Serial Numbers in Description.
You will be received download link after payment"
https://service-workshopmanual.com/product/01-honda-atv-trx350tm-fourtrax-350-2001-owners-manual-ps008072/,01 Honda Atv Trx350Tm Fourtrax 350 2001 Owners Manual (PS008072),$21.59,$25.19,PS008072,"Categories: Machine & Vehicle Manuals, Operation & Owners manuals",Brand: HONDA,https://service-workshopmanual.com/wp-content/uploads/2021/11/01-Honda-Atv-Trx350Tm-Fourtrax-350-2001-Owners-Manual-PS008072.webp,,"01 Honda Atv Trx350Tm Fourtrax 350 2001 Owners Manual (PS008072)

This manual presented for you in electronic format you can just print out the page you need then dispose of it when you have completed your task. This manual has detailed illustrations as well as step by step written instructions with the necessary diagrams or pictures. These manuals are your number one source for repair and service information, specifically written for the do-it-yourself as well as the experienced mechanics worldwide used to use this factory manual to fix your vehicle. Using this repair manual is an inexpensive way to keep your car working properly. it is this level of detail, along with illustrations, that guide the reader through each service, repairs, maintenance procedure. 
You are buying the electronic (PDF) owners manual for 2001 Honda ATV TRX350TM Fourtrax 350. One of the best ways to enhance the enjoyment of your new vehicle is to read this manual. In it, you will learn how to operate its driving controls and convenience items. Afterwards, keep this owners manual in your vehicle so you can refer to it at any time. This manual is the electronic version of the physical manual that you can buy from your dealers (THIS IS NOT a hardcopy manual).This manual can be read and printed on any computer running Windows, Mac or Linux."
https://service-workshopmanual.com/product/00-volvo-s40-2000-owners-manual-ca050013/,00 Volvo S40 2000 Owners Manual (CA050013),$20.39,$23.99,CA050013,"Categories: Machine & Vehicle Manuals, Operation & Owners manuals",Brand: VOLVO,https://service-workshopmanual.com/wp-content/uploads/2021/09/00-Volvo-S40-2000-Owners-Manual-CA050013.webp,"This is the official 00 Volvo S40 2000 Owners Manual (CA050013) in electronic (PDF) format. It contains detailed instructions, diagrams, and illustrations on how to operate and maintain your Volvo S40. This manual is compatible with Windows, Mac, and Linux operating systems and can be printed for easy reference. Get the information you need to keep your Volvo S40 running smoothly.","00 Volvo S40 2000 Owners Manual (CA050013)

This manual presented for you in electronic format you can just print out the page you need then dispose of it when you have completed your task. This manual has detailed illustrations as well as step by step written instructions with the necessary diagrams or pictures. These manuals are your number one source for repair and service information, specifically written for the do-it-yourself as well as the experienced mechanics worldwide used to use this factory manual to fix your vehicle. Using this repair manual is an inexpensive way to keep your car working properly. it is this level of detail, along with illustrations, that guide the reader through each service, repairs, maintenance procedure. 
“You are buying the electronic (PDF) owner’s manual for 2000 Volvo S40. One of the best ways to enhance the enjoyment of your new vehicle is to read this manual. In it, you will learn how to operate its driving controls and convenience items. Afterwards, keep this owner’s manual in your vehicle so you can refer to it at any time.
 This manual is the electronic version of the physical manual that you can buy from your dealers (THIS IS NOT a hardcopy manual).
 This manual can be read and printed on any computer running Windows, Mac or Linux.”
 Tags: s40 
You need the adobe Acrobat reader to view the document as the manual is pdf format. if your computer don’t have this application you can download and install it free from adobe acrobat website. 
With PDF file you can print unlimited copies. You can see on mobile phone, Ipad, Note, Computer
You will be received download link after payment"
https://service-workshopmanual.com/product/009-polaris-sportsman-800-efi-x2-800-efi-touring-800-efi-factory-service-repair-manual-ps018239/,009 Polaris Sportsman 800 Efi X2 800 Efi Touring 800 Efi Factory Service Repair Manual (PS018239),$25.19,$28.79,PS018239,"Categories: Machine & Vehicle Manuals, Technical Service Repair manuals",Brand: POLARIS,https://service-workshopmanual.com/wp-content/uploads/2021/11/009-Polaris-Sportsman-800-Efi-X2-800-Efi-Touring-800-Efi-Factory-Service-Repair-Manual-PS018239.webp,,"009 Polaris Sportsman 800 Efi X2 800 Efi Touring 800 Efi Factory Service Repair Manual (PS018239)

This manual presented for you in electronic format you can just print out the page you need then dispose of it when you have completed your task. This manual has detailed illustrations as well as step by step written instructions with the necessary diagrams or pictures. These manuals are your number one source for repair and service information, specifically written for the do-it-yourself as well as the experienced mechanics worldwide used to use this factory manual to fix your vehicle. Using this repair manual is an inexpensive way to keep your car working properly. it is this level of detail, along with illustrations, that guide the reader through each service, repairs, maintenance procedure. 
Written for 009 Polaris Sportsman 800 EFI X2 800 dealership mechanics, this reprint of the dealer manual shows you how to work on your vehicle. With step-by-step instructions, clear pictures, exploded view illustrations, schematics, and specifications, you will have the information you need to get your project on the road and keep it there. This manual covers 009 Polaris Sportsman 800 EFI X2 800 models . Buy now to own the best shop manual for your vehicle.
 The service manual include: 
 -general information
 -maintenance
 -engine
 -fuel injection
 -body/steering/suspension
 -clutch system
 -final drive
 -transmission
 -brakes
 -electrical
 -800 touring EFI international
 -wiring diagrams"
https://service-workshopmanual.com/product/00-volvo-c70-2000-owners-manual-ca017203/,00 Volvo C70 2000 Owners Manual (CA017203),$20.39,$23.99,CA017203,"Categories: Machine & Vehicle Manuals, Operation & Owners manuals",Brand: VOLVO,https://service-workshopmanual.com/wp-content/uploads/2021/06/00-Volvo-C70-2000-Owners-Manual-CA017203.webp,"This 00 Volvo C70 2000 Owners Manual (CA017203) is an electronic version of the physical manual that you can buy from your dealers. It contains detailed illustrations and step-by-step written instructions with diagrams and pictures. This manual is perfect for do-it-yourselfers and experienced mechanics and can be printed on any computer running Windows, Mac or Linux. You will need Adobe Acrobat Reader to view the document and you can download and install it free from the Adobe Acrobat website. You can print unlimited copies and view it on any device. Download link will be provided after payment.","00 Volvo C70 2000 Owners Manual (CA017203)

This manual presented for you in electronic format you can just print out the page you need then dispose of it when you have completed your task. This manual has detailed illustrations as well as step by step written instructions with the necessary diagrams or pictures. These manuals are your number one source for repair and service information, specifically written for the do-it-yourself as well as the experienced mechanics worldwide used to use this factory manual to fix your vehicle. Using this repair manual is an inexpensive way to keep your car working properly. it is this level of detail, along with illustrations, that guide the reader through each service, repairs, maintenance procedure. 
“You are buying the electronic (PDF) owner’s manual for 2000 Volvo C70. One of the best ways to enhance the enjoyment of your new vehicle is to read this manual. In it, you will learn how to operate its driving controls and convenience items. Afterwards, keep this owner’s manual in your vehicle so you can refer to it at any time.
 This manual is the electronic version of the physical manual that you can buy from your dealers (THIS IS NOT a hardcopy manual).
 This manual can be read and printed on any computer running Windows, Mac or Linux.”
 Tags: c70 
You need the adobe Acrobat reader to view the document as the manual is pdf format. if your computer dont have this application you can download and install it free from adobe acrobat website. 
With PDF file you can print 
Store reviews4.8Based on 491 reviews5 star8484%4 star1313%3 star33%2 star0%1 star0%













Search

1-5 of 491 reviewsMost RecentMost Helpful











Philip Griffin

Verified owner 

March 24, 2023

Rated 5 out of 5Kubota L2600dt Part Manual PDF DownloadA good, helpful publication.
 






(1)






(0)
















Raj Lebana

Verified owner 

March 24, 2023

Rated 4 out of 5Caterpillar TH63 TELEHANDLER Operation Maintenance Manual PDF downloadthe service was excellent, I had a issue with one of the document, they help me with in the hour, I can recommends to other my friends 
 






(1)






(0)
















BRIAN WILSON

Verified owner 

March 22, 2023

Rated 5 out of 5John Deere 690E LC Excavator Diagnostic, Operation and Test Service Manual (tm1508)Fast & no issues
 






(1)






(0)
















David Hill

Verified owner 

March 22, 2023

Rated 5 out of 5Agco Allis 6680 Tractor Parts Books Pdf Download 






(1)






(0)
















—- —-

Verified owner 

March 20, 2023

Rated 5 out of 5Lombardini LA400_LA490 Parts manual catalog PDF Downloadsuper
 






(1)






(0)




Show more reviews (486)Sorry, no reviews match your current selections"
https://service-workshopmanual.com/product/00-06-ktm-250-exc-racing-400-sxmxcxcexcsmrsxs-racing-450-sxmxcxcexcsmrsxs-racing-520-525-sxmxcxcexcsmr-racing-mt039503/,"00-06 Ktm 250 Exc Racing, 400 SxMxcXcExcSmrSxs Racing, 450 SxMxcXcExcSmrSxs Racing, 520-525 SxMxcXcExcSmr Racing (MT039503)",$31.19,$34.79,MT039503,"Categories: Machine & Vehicle Manuals, Others manual",Brand: KTM,https://service-workshopmanual.com/wp-content/uploads/2021/09/00-06-Ktm-250-Exc-Racing-400-SxMxcXcExcSmrSxs-Racing-450-SxMxcXcExcSmrSxs-Racing-520-525-SxMxcXcExcSmr-Racing-MT039503.webp,,"’00-’06 Ktm 250 Exc Racing, 400 SxMxcXcExcSmrSxs Racing, 450 SxMxcXcExcSmrSxs Racing, 520-525 SxMxcXcExcSmr Racing (MT039503)

This manual presented for you in electronic format you can just print out the page you need then dispose of it when you have completed your task. This manual has detailed illustrations as well as step by step written instructions with the necessary diagrams or pictures. These manuals are your number one source for repair and service information, specifically written for the do-it-yourself as well as the experienced mechanics worldwide used to use this factory manual to fix your vehicle. Using this repair manual is an inexpensive way to keep your car working properly. it is this level of detail, along with illustrations, that guide the reader through each service, repairs, maintenance procedure. 
2000-2006 KTM 250 EXC RACING, 400 SX/MXC/XC/EXC/SMR/SXS RACING, 450 SX/MXC/XC/EXC/SMR/SXS RACING, 520 SX/MXC/XC/EXC/SMR RACING, 525 SX/MXC/XC/EXC/SMR RACING, 540 SXS, 560 SMR, 610 CRATE Motorcycle Workshop Repair Service Manual BEST DOWNLOAD
 This highly detailed Manual for your 2000-2006 KTM 250 EXC RACING, 400 SX/MXC/XC/EXC/SMR/SXS RACING, 450 SX/MXC/XC/EXC/SMR/SXS RACING, 520 SX/MXC/XC/EXC/SMR RACING, 525 SX/MXC/XC/EXC/SMR RACING, 540 SXS, 560 SMR, 610 CRATE Motorcycle contains everything you will ever need to repair, maintain, rebuild, refurbish or restore your bike. All diagnostic and repair procedures are covered in great detail. 
 This QUALITY manual is 100 percents COMPLETE and INTACT, no MISSING/CORRUPT pages/sections to freak you out! Buy from responsible seller and get INSTANT DOWNLOAD now without wasting your hard-owned money on uncertainty or surprise; this manual is exactly as described. This Digital Workshop Repair Manual for 2000-2006 KTM 250 EXC RACING, 400 SX/MXC/XC/EXC/SMR/SXS RACING, 450 SX/MXC/XC/EXC/SMR/SXS RACING, 520 SX/MXC/XC/EXC/SMR RACING, 525 SX/MXC/XC/EXC/SMR RACING, 540 SXS, 560 SMR, 610 CRATE Motorcycle covers the same information that Professional Technicians and Mechanics have. You can view and print out the complete repair procedures with this easy to use this Digital Workshop Repair Manual for 2000-2006 KTM 250 EXC RACING, 400 SX/MXC/XC/EXC/SMR/SXS RACING, 450 SX/MXC/XC/EXC/SMR/SXS RACING, 520 SX/MXC/XC/EXC/SMR RACING, 525 SX/MXC/XC/EXC/SMR RACING, 540 SXS, 560 SMR, 610 CRATE Motorcycle – you do not need to be skilled with a computer! Once you have found your information, just print it out and start work. No more messy manuals that you have to keep replacing or cant use any more due to wear and tear.
 All Repair Procedures Covered From A-Z
 High Quality Photos, Illustrations And Diagrams
 Buy From A Trusted Seller, Selling Genuine Items
 SERVICE MANUAL DETAILS:
 1. Downloadable: YES
 2. Requirements: PDF Reader
 3. FileTYPE: PDF
 4. Compatiblity: All Versions of Windows & Mac & Linux
 2000-2006 KTM 250 EXC RACING, 400 SX/MXC/XC/EXC/SMR/SXS RACING, 450 SX/MXC/XC/EXC/SMR/SXS RACING, 520 SX/MXC/XC/EXC/SMR RACING, 525 SX/MXC/XC/EXC/SMR RACING, 540 SXS, 560 SMR, 610 CRATE
 ??? 2005-2006 Repair Manual WP FORK SXS_SMR 4860 MXMA.pdf
 ??? 2005-2006 WP SHOCK ABSORBER_5018 DCC_5018 SXS_5018 SMR.pdf
 ??? Dual Compression Control Manual.pdf
 ??? Front Fork Assembly – 4357_4860 MX Multi Adjuster.pdf
 ??? Front Forks Assembly.pdf
 ??? Models application.txt
 ??? Owners Manual.pdf
 ??? Service Manual.pdf
 ??? Shock Absorber Assembly.pdf"
https://service-workshopmanual.com/product/00-05-harley-davidson-flstfxst-softail-workshop-repair-manual-mt063240/,00-05 Harley Davidson Flst&Fxst Softail Workshop Repair Manual (MT063240),$26.39,$29.99,MT063240,"Categories: Machine & Vehicle Manuals, Technical Service Repair manuals",Brand: HARLEY-DAVIDSON,https://service-workshopmanual.com/wp-content/uploads/2021/10/00-05-Harley-Davidson-FlstFxst-Softail-Workshop-Repair-Manual-MT063240.webp,,"00-05 Harley Davidson Flst&Fxst Softail Workshop Repair Manual (MT063240)

This manual presented for you in electronic format you can just print out the page you need then dispose of it when you have completed your task. This manual has detailed illustrations as well as step by step written instructions with the necessary diagrams or pictures. These manuals are your number one source for repair and service information, specifically written for the do-it-yourself as well as the experienced mechanics worldwide used to use this factory manual to fix your vehicle. Using this repair manual is an inexpensive way to keep your car working properly. it is this level of detail, along with illustrations, that guide the reader through each service, repairs, maintenance procedure. 
MODEL COVERED: 88B ENGINE
 95B ENGINE
 103B ENGINE
 00-05 Harley Davidson FLST&FXST Softail Workshop Repair manual is a professional book in which you can get a better understanding of 00-05 Harley Davidson FLST&FXST Softail .This Service Manual contains comprehensive instructions and procedures of high quality on how to fix the problems in your car, which can save you a lot of time and help you to decide the best with ease.
 Manuals Includes info on:
 General information
 Troubleshooting
 Periodic lubrication,maintenance and tune-up
 Engine
 Clutch,primary drive and starter drive
 4-speed transmission
 5-speed transmission
 Fuel,exhaust and emission control systems
 Electrical system
 Wheels,hubs and tires
 Front suspension and steering(Telescopic Fork&Springer Fork)
 Rear suspension
 Brakes
 Frame,body and frame repainting
 Supplement
 Index
 Wiring diagrams
 File Format: PDF
 Compatible: All Versions of Windows & Mac
 Language: English
 Requirements: Adobe PDF Reader
 We imply on the importance of choosing the apt service manual 00-05 Harley Davidson FLST&FXST Softail.You will surely enjoy browsing through the pages and learning how to keep your car in order. It makes you up-to-date and more knowledge. We hope that our manual will be useful for you ."
https://service-workshopmanual.com/product/00-volvo-s80-2000-owners-manual-ca026785/,00 Volvo S80 2000 Owners Manual (CA026785),$20.39,$23.99,CA026785,"Categories: Machine & Vehicle Manuals, Operation & Owners manuals",Brand: VOLVO,https://service-workshopmanual.com/wp-content/uploads/2021/09/00-Volvo-S80-2000-Owners-Manual-CA026785.webp,"This 00 Volvo S80 2000 Owners Manual (CA026785) is an electronic version of the physical manual that you can buy from your dealers. It contains detailed illustrations, step by step written instructions, and diagrams to help you with the necessary repairs and maintenance. This manual is in PDF format and can be printed on any computer running Windows, Mac, or Linux. You will need the Adobe Acrobat Reader to view the document. After payment, you will receive a download link.","00 Volvo S80 2000 Owners Manual (CA026785)

This manual presented for you in electronic format you can just print out the page you need then dispose of it when you have completed your task. This manual has detailed illustrations as well as step by step written instructions with the necessary diagrams or pictures. These manuals are your number one source for repair and service information, specifically written for the do-it-yourself as well as the experienced mechanics worldwide used to use this factory manual to fix your vehicle. Using this repair manual is an inexpensive way to keep your car working properly. it is this level of detail, along with illustrations, that guide the reader through each service, repairs, maintenance procedure. 
“You are buying the electronic (PDF) owner’s manual for 2000 Volvo S80. One of the best ways to enhance the enjoyment of your new vehicle is to read this manual. In it, you will learn how to operate its driving controls and convenience items. Afterwards, keep this owner’s manual in your vehicle so you can refer to it at any time.
 This manual is the electronic version of the physical manual that you can buy from your dealers (THIS IS NOT a hardcopy manual).
 This manual can be read and printed on any computer running Windows, Mac or Linux.”
 Tags: s80 
You need the adobe Acrobat reader to view the document as the manual is pdf format. if your computer don’t have this application you can download and install it free from adobe acrobat website. 
With PDF file you can print unlimited copies. You can see on mobile phone, Ipad, Note, Computer
You will be received download link after payment"
https://service-workshopmanual.com/product/00-volvo-c70-convertible-2000-owners-manual-ca027918/,00 Volvo C70 Convertible 2000 Owners Manual (CA027918),$20.39,$23.99,CA027918,"Categories: Machine & Vehicle Manuals, Operation & Owners manuals",Brand: VOLVO,https://service-workshopmanual.com/wp-content/uploads/2021/09/00-Volvo-C70-Convertible-2000-Owners-Manual-CA027918.webp,"This is the official 00 Volvo C70 Convertible 2000 Owners Manual (CA027918), containing detailed instructions and illustrations on how to operate your vehicle. This electronic manual is in PDF format and can be printed or viewed on any computer running Windows, Mac or Linux. The Adobe Acrobat Reader is required to view the manual and can be downloaded for free. With this manual, you can print unlimited copies and view it on any device, including mobile phones, tablets, and computers. You will receive a download link after payment.","00 Volvo C70 Convertible 2000 Owners Manual (CA027918)

This manual presented for you in electronic format you can just print out the page you need then dispose of it when you have completed your task. This manual has detailed illustrations as well as step by step written instructions with the necessary diagrams or pictures. These manuals are your number one source for repair and service information, specifically written for the do-it-yourself as well as the experienced mechanics worldwide used to use this factory manual to fix your vehicle. Using this repair manual is an inexpensive way to keep your car working properly. it is this level of detail, along with illustrations, that guide the reader through each service, repairs, maintenance procedure. 
“You are buying the electronic (PDF) owner’s manual for 2000 Volvo C70 Convertible. One of the best ways to enhance the enjoyment of your new vehicle is to read this manual. In it, you will learn how to operate its driving controls and convenience items. Afterwards, keep this owner’s manual in your vehicle so you can refer to it at any time.
 This manual is the electronic version of the physical manual that you can buy from your dealers (THIS IS NOT a hardcopy manual).
 This manual can be read and printed on any computer running Windows, Mac or Linux.” 
You need the adobe Acrobat reader to view the document as the manual is pdf format. if your computer don’t have this application you can download and install it free from adobe acrobat website. 
With PDF file you can print unlimited copies. You can see on mobile phone, Ipad, Note, Computer
You will be received download link after payment"
https://service-workshopmanual.com/product/01-honda-atv-trx400ex-sportrax400ex-2001-owners-manual-ps011310/,01 Honda Atv Trx400Ex Sportrax400Ex 2001 Owners Manual (PS011310),$21.59,$25.19,PS011310,"Categories: Machine & Vehicle Manuals, Operation & Owners manuals",Brand: HONDA,https://service-workshopmanual.com/wp-content/uploads/2021/11/01-Honda-Atv-Trx400Ex-Sportrax400Ex-2001-Owners-Manual-PS011310.webp,,"01 Honda Atv Trx400Ex Sportrax400Ex 2001 Owners Manual (PS011310)

This manual presented for you in electronic format you can just print out the page you need then dispose of it when you have completed your task. This manual has detailed illustrations as well as step by step written instructions with the necessary diagrams or pictures. These manuals are your number one source for repair and service information, specifically written for the do-it-yourself as well as the experienced mechanics worldwide used to use this factory manual to fix your vehicle. Using this repair manual is an inexpensive way to keep your car working properly. it is this level of detail, along with illustrations, that guide the reader through each service, repairs, maintenance procedure. 
You are buying the electronic (PDF) owner’s manual for 2001 Honda ATV TRX400EX Sportrax400EX. One of the best ways to enhance the enjoyment of your new vehicle is to read this manual. In it, you will learn how to operate its driving controls and convenience items. Afterwards, keep this owner’s manual in your vehicle so you can refer to it at any time. This manual is the electronic version of the physical manual that you can buy from your dealers (THIS IS NOT a hardcopy manual).This manual can be read and printed on any computer running Windows, Mac or Linux."
https://service-workshopmanual.com/product/00-05-harley-davidson-softail-service-manual-mt008129/,00-05 Harley Davidson Softail Service Manual (MT008129),$29.99,$33.59,MT008129,"Categories: Machine & Vehicle Manuals, Technical Service Repair manuals",Brand: HARLEY-DAVIDSON,https://service-workshopmanual.com/wp-content/uploads/2021/09/00-05-Harley-Davidson-Softail-Service-Manual-MT008129.webp,,"00-05 Harley Davidson Softail Service Manual (MT008129)

This manual presented for you in electronic format you can just print out the page you need then dispose of it when you have completed your task. This manual has detailed illustrations as well as step by step written instructions with the necessary diagrams or pictures. These manuals are your number one source for repair and service information, specifically written for the do-it-yourself as well as the experienced mechanics worldwide used to use this factory manual to fix your vehicle. Using this repair manual is an inexpensive way to keep your car working properly. it is this level of detail, along with illustrations, that guide the reader through each service, repairs, maintenance procedure. 
00-05 Harley Davidson Softail Service Manual.
 Because of their reliable design, relatively simple construction, and ease of repair; motorcycles are the ideal machine for maintenance and repair at home. With proper care and routine maintenance, your motorcycle will provide many years of reliable use. When repairing a motorcycle, most home mechanics will find them easy to work with and repairs quick and trouble-free.
 Scheduled motorcycle maintenance should occur frequently at regular intervals. This routine maintenance should include changing the oil, inspecting the shift linkage – steering – suspension – coolant system – fuel system – drive belts – engine mounts, changing the spark plugs, and replacing the fuel and air filters. Having a quality service manual specific to your motorcycle will help you identify the parts of your motorcycle and assist you during routine maintenance and repair. 
 Doing routine maintenance on your motorcycle at home provides many benefits. It is less expensive than having a motorcycle repair shop do the maintenance. It prolongs the life of your motorcycle. And, it provides you a better understanding of the working components of your motorcycle. 
 Even with diligent routine maintenance, motorcycles may require periodic repairs. In the event that you need to repair your motorcycle, it will likely be easier if you have been doing your own routine maintenance as you will be more familiar with the mechanics of your engine. Another asset that makes motorcycle engine repair easier, is access to service manuals and parts catalogues. Since you may already have a user manual that you’ve been using for routine servicing, you need only assure that you have on hand a service maintenance manual for any in-depth maintenance that may be necessary. 
 Your motorcycle will provide you with many years of service. Routine maintenance and periodic repairs at home will save you money and prolong the life of your motorcycle.
 630 pages in english pdf format that enables you to print only what you need. 
 Contents include 
 GENERAL INFORMATION
 TROUBLESHOOTING
 LUBRICATION AND MAINTENANCE
 ENGINE TOP END
 ENGINE LOWER END
 CLUTCH , PRIMARY DRIVE AND EXTERNAL SHIFT MECHANISM
 TRANSMISSION AND INTERNAL SHIFT MECHANISM
 FUEL,EXHAUST AND EMISSION CONTROL SYSTEMS
 ELECTRICAL SYSTEM
 WHEELS, TIRES AND DRIVE BELT
 FRONT SUSPENSION AND STEERING
 REAR SUSPENSION
 BRAKES
 BODY
 WIRING DIAGRAMS 
You need the adobe Acrobat reader to view the document as the manual is pdf format. if your computer don’t have this application you can download and install it free from adobe acrobat website. 
With PDF file you can print unlimited copies. You can see on mobile phone, Ipad, Note, Computer
You will be received download link after payment"
https://service-workshopmanual.com/product/01-harley-davidson-dyna-service-manual-mt027074/,01 Harley Davidson Dyna Service Manual (MT027074),$25.19,$28.79,MT027074,"Categories: Machine & Vehicle Manuals, Technical Service Repair manuals",Brand: HARLEY-DAVIDSON,https://service-workshopmanual.com/wp-content/uploads/2021/09/01-Harley-Davidson-Dyna-Service-Manual-MT027074.webp,,"01 Harley Davidson Dyna Service Manual (MT027074)

This manual presented for you in electronic format you can just print out the page you need then dispose of it when you have completed your task. This manual has detailed illustrations as well as step by step written instructions with the necessary diagrams or pictures. These manuals are your number one source for repair and service information, specifically written for the do-it-yourself as well as the experienced mechanics worldwide used to use this factory manual to fix your vehicle. Using this repair manual is an inexpensive way to keep your car working properly. it is this level of detail, along with illustrations, that guide the reader through each service, repairs, maintenance procedure. 
01 Harley Davidson Dyna service manual"
https://service-workshopmanual.com/product/00-volvo-s70-v70-2000-owners-manual-ca048051/,00 Volvo S70 V70 2000 Owners Manual (CA048051),$20.39,$23.99,CA048051,"Categories: Machine & Vehicle Manuals, Operation & Owners manuals",Brand: VOLVO,https://service-workshopmanual.com/wp-content/uploads/2021/09/00-Volvo-S70-V70-2000-Owners-Manual-CA048051.webp,"This is the official 00 Volvo S70 V70 2000 Owners Manual (CA048051) in electronic PDF format. It contains all the information you need to operate your vehicle, from driving controls to maintenance and repairs. This manual is available for immediate download after purchase and can be printed for easy reference. It is compatible with Windows, Mac and Linux operating systems. Adobe Acrobat Reader is required to view the manual.","00 Volvo S70 V70 2000 Owners Manual (CA048051)

This manual presented for you in electronic format you can just print out the page you need then dispose of it when you have completed your task. This manual has detailed illustrations as well as step by step written instructions with the necessary diagrams or pictures. These manuals are your number one source for repair and service information, specifically written for the do-it-yourself as well as the experienced mechanics worldwide used to use this factory manual to fix your vehicle. Using this repair manual is an inexpensive way to keep your car working properly. it is this level of detail, along with illustrations, that guide the reader through each service, repairs, maintenance procedure. 
“You are buying the electronic (PDF) owner’s manual for 2000 Volvo S70 V70. One of the best ways to enhance the enjoyment of your new vehicle is to read this manual. In it, you will learn how to operate its driving controls and convenience items. Afterwards, keep this owner’s manual in your vehicle so you can refer to it at any time.
 This manual is the electronic version of the physical manual that you can buy from your dealers (THIS IS NOT a hardcopy manual).
 This manual can be read and printed on any computer running Windows, Mac or Linux.” 
You need the adobe Acrobat reader to view the document as the manual is pdf format. if your computer don’t have this application you can download and install it free from adobe acrobat website. 
With PDF file you can print unlimited copies. You can see on mobile phone, Ipad, Note, Computer
You will be received download link after payment"
